0,414,182.731,474,160.649,599,137.637,380,132.507,448,130.72,
1,414,176.062,474,160.034,599,135.126,380,131.875,606,131.552,
2,414,182.081,474,161.568,599,137.22,380,132.986,448,130.171,
3,414,183.226,474,161.654,599,138.291,380,133.19,448,131.749,
4,414,179.069,474,156.515,380,137.87,599,137.677,448,134.461,
5,414,181.43,474,159.22,599,137.441,380,132.371,448,130.915,
6,414,181.559,474,163.625,599,139.732,380,139.23,448,138.635,
7,414,178.646,474,157.177,599,135.932,448,128.782,380,127.83,
8,414,181.195,474,159.38,599,136.697,380,131.856,448,130.533,
9,414,181.991,474,160.359,599,137.605,380,132.876,448,130.797,
10,414,181.437,474,162.678,599,140.071,380,134.752,448,132.239,
11,414,181.052,474,159.972,599,136.55,380,132.439,448,130.712,
12,414,182.198,474,160.709,599,138.227,380,134.02,448,132.167,
13,414,181.958,474,160.365,599,137.055,380,132.129,448,130.709,
14,414,181.625,474,160.125,599,137.255,380,132.955,448,130.961,
15,414,177.951,474,160.282,599,135.386,448,129.451,380,128.223,
16,414,178.846,474,157.574,599,134.815,380,130.029,448,129.886,
17,414,177.866,474,157.452,599,133.858,380,129.53,448,128.729,
18,414,171.526,474,162.15,599,134.524,606,132.377,603,129.55,
19,414,172.203,474,156.333,599,132.329,606,131.427,380,130.315,
20,414,177.765,474,158.797,599,139.273,448,133.478,380,130.679,
21,414,178.572,474,167.551,599,137.898,606,133.751,603,128.675,
22,414,179.253,474,158.416,599,135.796,380,131.238,448,129.72,
23,414,180.186,474,158.127,599,134.771,380,133.691,448,132.444,
24,414,178.813,474,160.277,599,135.393,380,130.354,448,129.439,
25,414,181.902,474,161.33,599,137.61,380,131.448,448,130.825,
26,414,182.046,474,160.162,599,137.055,380,131.78,448,129.922,
27,414,180.022,474,158.168,599,137.967,380,131.286,448,130.314,
28,414,169.037,474,156.787,599,134.1,448,130.815,380,130.598,
29,414,179.498,474,159.527,599,136.067,380,132.406,448,130.568,
30,414,181.199,474,161.12,599,136.651,380,130.443,448,129.562,
31,414,181.281,474,159.706,599,136.817,380,131.913,448,130.329,
32,414,180.543,474,159.157,599,136.62,380,133.903,448,132.094,
33,414,179.749,474,157.791,599,138.076,380,136.938,448,134.624,
34,414,180.84,474,159.715,599,136.391,448,130.816,380,130.723,
35,414,182.062,474,160.022,599,137.663,380,133.147,448,131.235,
36,414,181.274,474,159.787,599,137.403,380,132.823,448,130.665,
37,414,182.021,474,160.34,599,137.372,380,132.004,448,130.16,
38,414,180.712,474,158.95,599,136.532,380,132.624,448,130.739,
39,414,178.876,474,157.934,599,134.507,380,130.192,448,130.003,
40,414,181.592,474,160.605,599,138.076,380,134.157,448,133.356,
41,414,177.06,474,159.52,599,135.624,380,133.398,448,129.78,
42,414,173.493,474,160.988,380,139.252,599,135.052,606,132.431,
43,414,182.729,474,162.939,599,139.244,380,134.533,448,133.812,
44,414,181.801,474,161.127,599,136.974,380,132.872,448,130.682,
45,414,172.163,474,157.63,599,133.829,380,131.732,606,131.586,
46,414,181.532,474,160.162,599,137.058,380,131.947,448,130.82,
47,414,179.761,474,160.908,599,137.928,380,135.443,448,131.642,
48,414,181.591,474,160.211,599,137.1,380,130.916,448,130.571,
49,414,181.768,474,160.522,599,137.253,380,131.789,448,130.736,
50,414,180.14,474,160.518,599,136.631,380,132.699,448,131.039,
51,414,178.688,474,161.559,599,139.52,380,138.862,448,136.274,
52,414,179.135,474,164.021,599,138.512,448,131.718,380,131.522,
53,414,182.8,474,160.897,599,138.054,380,133.783,448,131.901,
54,414,181.667,474,159.612,599,136.73,380,131.605,448,129.968,
55,414,181.887,474,160.921,599,137.443,380,132.416,448,130.27,
56,414,181.708,474,160.565,599,136.521,380,131.282,448,130.559,
57,414,171.924,474,154.143,380,132.435,599,131.754,249,131.157,
58,414,179.88,474,159.192,599,137.095,380,134.019,448,132.585,
59,414,181.151,474,157.899,599,137.554,380,135.385,448,133.412,
60,414,182.463,474,160.396,599,137.724,380,132.74,448,131.14,
61,414,180.802,474,159.278,599,136.29,380,130.912,448,129.743,
62,414,176.906,474,167.762,599,139.589,606,135.418,603,133.242,
63,414,173.618,474,158.07,599,132.469,606,126.38,448,125.117,
64,414,166.607,474,151.543,599,132.443,448,131.586,380,131.197,
65,414,181.393,474,160.521,599,137.175,380,132.112,448,130.844,
66,414,173.579,474,155.364,599,135.364,380,134.642,448,133.127,
67,414,181.259,474,160.322,599,136.341,380,130.673,448,130.272,
68,474,163.735,414,157.943,603,146.606,606,144.678,89,138.233,
69,414,180.77,474,159.562,599,136.47,380,131.004,448,129.676,
70,414,180.886,474,158.545,599,137.766,380,134.943,448,131.644,
71,414,181.887,474,160.53,599,137.106,380,131.765,448,130.41,
72,414,180.992,474,159.374,599,136.327,380,131.465,448,130.093,
73,414,179.686,474,165.571,599,139.358,380,132.504,606,132.156,
74,414,182.224,474,157.113,599,141.161,380,140.567,448,138.738,
75,414,180.8,474,158.584,599,136.2,380,130.698,448,130.143,
76,414,178.913,474,159.071,599,134.861,380,129.364,448,128.015,
77,414,181.259,474,159.573,599,136.472,380,130.885,448,129.463,
78,414,180.871,474,159.826,599,135.798,380,129.675,448,128.605,
79,414,181.085,474,159.862,599,136.371,380,131.829,448,131.357,
80,414,179.79,474,163.943,599,138.169,448,132.897,380,131.062,
81,414,181.815,474,159.844,599,136.708,380,131.278,448,130.041,
82,414,178.303,474,161.116,599,136.025,448,128.926,380,127.757,
83,414,179.391,474,158.821,599,135.824,448,131.459,380,130.984,
84,414,179.228,474,155.142,380,140.296,599,139.503,448,135.491,
85,414,183.027,474,160.558,599,137.884,380,134.268,448,132.392,
86,414,180.269,474,159.505,599,136.404,380,129.89,448,129.591,
87,414,182.32,474,160.112,599,137.859,380,132.778,448,131.178,
88,414,180.576,474,159.679,599,136.457,380,131.765,448,130.475,
89,414,193.179,474,175.308,599,155.843,380,150.886,448,147.391,
90,414,183.431,474,160.593,599,138.694,380,135.033,448,133.025,
91,414,169.591,474,155.879,606,131.959,448,130.35,599,130.314,
92,414,182.366,474,160.825,599,137.791,380,132.709,448,131.295,
93,414,180.579,474,160.25,599,136.711,380,131.818,448,131.224,
94,414,181.124,474,159.574,599,136.297,380,130.713,448,129.972,
95,414,177.062,474,157.849,599,135.341,380,132.19,448,131.977,
96,414,179.86,474,158.439,599,136.228,380,130.748,448,129.448,
97,414,181.68,474,160.568,599,137.485,380,131.37,448,130.164,
98,414,181.078,474,161.502,599,138.613,380,131.729,448,131.586,
99,414,182.01,474,161.431,599,137.485,380,133.33,448,131.821,
100,414,178.135,474,157.005,599,137.55,380,135.954,448,132.598,
101,414,180.952,474,160.443,599,136.923,380,133.383,448,131.331,
102,414,181.104,474,159.781,599,136.305,380,131.583,448,129.741,
103,414,173.943,474,158.381,599,135.041,380,131.799,448,130.841,
104,414,177.9,474,157.703,599,139.243,448,133.733,380,132.884,
105,414,184.089,474,176.329,599,155.163,448,150.192,603,148.686,
106,414,182.168,474,160.917,599,137.974,380,131.352,448,131.206,
107,414,181.972,474,160.493,599,137.346,380,132.533,448,130.85,
108,414,181.165,474,159.43,599,138.488,380,134.766,448,132.916,
109,414,179.429,474,159.509,599,136.235,380,132.624,448,130.774,
110,414,181.434,474,159.487,599,137.051,380,132.431,448,130.846,
111,414,182.955,474,174.289,599,148.927,606,145.202,380,142.582,
112,414,180.266,474,159.832,599,135.723,380,130.379,448,129.331,
113,414,181.757,474,158.651,599,139.896,380,137.996,448,135.225,
114,414,181.808,474,160.252,599,137.262,380,131.333,448,130.284,
115,414,179.312,474,159.314,599,136.415,448,130.176,380,129.066,
116,414,179.93,474,158.447,599,136.05,380,131.027,448,129.106,
117,414,178.759,474,158.474,599,135.812,380,132.11,448,131.449,
118,414,181.738,474,159.712,599,136.985,380,132.348,448,130.379,
119,414,179.263,474,166.946,599,139.946,380,133.503,606,131.865,
120,414,182.202,474,160.368,599,137.288,380,131.943,448,130.364,
121,414,181.085,474,159.474,599,136.653,380,132.45,448,130.571,
122,414,175.533,474,165.459,599,135.267,606,134.975,380,132.236,
123,414,180.864,474,161.334,599,136.695,380,131.886,448,129.488,
124,414,180.613,474,159.583,599,136.172,380,132.555,448,129.933,
125,414,182.194,474,170.815,599,143.153,380,139.042,448,137.405,
126,414,181.537,474,159.599,599,136.708,380,131.267,448,130.007,
127,414,182.025,474,160.169,599,137.653,380,133.008,448,130.679,
128,414,182.304,474,159.176,599,137.594,380,132.575,448,130.877,
129,414,177.558,474,157.81,599,135.235,448,129.55,380,127.834,
130,414,182.071,474,160.322,599,137.033,380,131.981,448,130.368,
131,414,179.676,474,158.747,599,135.714,380,130.264,448,129.36,
132,414,172.566,474,152.303,599,132.717,448,131.404,380,130.387,
133,414,181.206,474,159.349,599,136.47,380,131.457,448,129.737,
134,414,181.95,474,160.515,599,137.08,380,131.776,448,130.567,
135,414,175.136,474,157.016,599,131.579,380,130.158,606,128.713,
136,414,181.259,474,161.632,599,137.15,380,133.761,448,132.215,
137,414,179.034,474,155.081,599,136.217,380,133.278,448,131.671,
138,414,182.777,474,160.775,599,137.827,380,133.352,448,131.322,
139,414,178.162,474,160.162,599,135.204,448,128.204,380,126.519,
140,414,170.505,474,156.65,599,141.3,380,139.679,448,135.661,
141,414,175.81,474,158.648,599,134.193,380,126.431,448,126.093,
142,414,181.488,474,159.747,599,137.022,380,131.905,448,130.502,
143,414,182.134,474,161.897,599,139.004,380,133.555,448,131.69,
144,414,177.848,474,156.813,599,135.077,380,129.672,448,129.199,
145,414,181.939,474,159.991,599,136.971,380,131.89,448,130.16,
146,414,182.457,474,160.579,599,137.87,380,132.324,448,131.109,
147,414,182.209,474,160.642,599,137.578,380,132.794,448,130.348,
148,414,181.662,474,161.171,599,137.794,380,131.077,448,130.91,
149,414,181.066,474,160.028,599,135.809,380,130.66,448,129.857,
150,414,182.098,474,160.24,599,137.39,380,132.533,448,130.907,
151,414,182.679,474,162.046,599,137.931,380,132.887,448,131.544,
152,414,180.416,474,160.509,599,136.932,380,132.426,448,130.394,
153,414,179.529,474,159.837,599,136.53,380,133.366,448,130.709,
154,414,182.101,474,162.258,599,137.755,380,131.59,448,130.511,
155,414,181.793,474,160.521,599,137.226,380,132.167,448,130.295,
156,414,177.014,474,153.358,380,141.199,599,137.382,448,135.636,
157,414,182.197,474,160.462,599,137.47,380,132.642,448,130.364,
158,414,182.548,474,161.123,599,137.748,380,133.011,448,131.494,
159,414,180.158,474,160.048,599,138.236,380,133.451,448,130.746,
160,414,174.851,474,158.153,599,133.253,448,131.406,380,128.097,
161,414,181.977,474,160.065,599,137.48,380,131.957,448,130.842,
162,414,182.134,474,159.822,599,138.3,380,133.914,448,131.942,
163,414,182.082,474,160.265,599,137.273,380,132.571,448,130.487,
164,414,181.333,474,160.125,599,136.426,380,130.625,448,130.041,
165,414,180.343,474,159.022,599,136.451,380,131.526,448,130.145,
166,414,174.779,474,154.882,599,133.088,448,128.338,380,127.24,
167,414,176.508,474,156.858,599,133.963,448,127.778,380,127.662,
168,414,180.994,474,158.366,599,137.925,380,135.469,448,132.013,
169,414,177.625,474,158.34,599,140.428,380,135.041,448,134.86,
170,414,181.493,474,159.816,599,136.916,380,131.92,448,130.345,
171,414,179.98,474,160.022,599,136.993,380,131.818,448,130.854,
172,414,181.797,474,159.868,599,137.313,380,131.899,448,130.369,
173,414,182.01,474,160.037,599,137.026,380,132.027,448,130.513,
174,414,181.195,474,159.837,599,136.587,380,132.601,448,130.421,
175,414,183.14,474,161.473,599,138.573,380,133.884,448,131.863,
176,414,181.601,474,160.169,599,136.657,380,131.826,448,129.937,
177,414,171.457,474,159.45,599,144.747,603,140.183,606,138.94,
178,414,179.639,474,158.177,599,136.505,380,131.552,448,129.864,
179,414,180.947,474,160.194,599,136.462,380,131.716,448,130.253,
180,414,181.66,474,159.996,599,136.749,380,131.717,448,130.24,
181,414,180.994,474,160.141,599,136.543,380,133.083,448,131.175,
182,414,166.158,474,159.722,380,148.306,448,147.184,249,145.312,
183,414,180.839,474,159.74,599,135.989,380,131.134,448,129.899,
184,414,183.223,474,165.713,599,139.788,380,134.169,448,133.666,
185,414,181.237,474,159.091,599,137.197,380,132.197,448,131.331,
186,414,179.423,474,158.193,599,136.971,448,133.277,380,131.571,
187,414,177.803,474,158.152,448,135.565,599,134.943,380,133.611,
188,414,183.079,474,159.258,599,138.69,380,135.022,448,132.645,
189,414,181.662,474,160.215,599,136.942,380,131.37,448,130.03,
190,414,180.124,474,158.269,599,137.13,380,132.184,448,130.842,
191,414,181.906,474,160.509,599,138.625,380,135.026,448,133.629,
192,414,182.175,474,160.449,599,137.368,380,132.284,448,130.529,
193,414,181.584,474,159.108,599,137.264,380,131.907,448,130.062,
194,414,181.988,474,160.311,599,137.596,380,132.896,448,130.511,
195,414,176.487,474,156.959,599,134.414,380,133.447,448,132.211,
196,414,181.195,474,160.284,599,136.79,380,131.712,448,130.414,
197,414,181.394,474,159.625,599,136.646,380,131.628,448,129.972,
198,414,176.113,474,156.115,599,133.697,380,132.789,448,131.266,
199,414,172.187,474,152.298,380,135.745,599,134.697,448,131.231,
200,414,172.524,474,157.257,599,136.177,380,130.642,448,129.619,
201,414,178.778,474,157.68,599,135.499,380,130.931,448,129.614,
202,414,174.493,474,155.782,380,137.445,599,135.344,448,134.148,
203,414,181.193,474,160.105,599,137.005,380,131.147,448,129.878,
204,414,180.682,474,160.226,599,137.045,380,131.587,448,130.669,
205,414,181.967,474,160.589,599,137.347,380,131.561,448,130.447,
206,414,182.384,474,160.309,599,137.877,380,132.669,448,131.418,
207,414,182.333,474,160.735,599,137.251,380,132.411,448,130.687,
208,414,181.87,474,160.297,599,136.967,380,131.678,448,130.575,
209,414,181.37,474,160.768,599,136.957,380,131.232,448,130.133,
210,414,182.115,474,164.066,599,139.174,448,132.498,380,130.459,
211,414,178.888,474,161.019,599,135.699,380,128.97,448,128.189,
212,414,176.78,474,163.633,599,136.535,448,129.561,606,128.43,
213,414,180.993,474,161.218,599,138.037,448,130.799,380,130.642,
214,414,182.252,474,160.353,599,137.375,380,132.427,448,130.579,
215,414,178.746,474,158.247,599,135.928,380,133.566,448,131.205,
216,414,179.916,474,157.166,599,137.204,380,135.314,448,131.84,
217,414,174.994,474,159.151,599,133.289,606,133.019,380,132.473,
218,414,181.561,474,159.677,599,137.028,380,132.679,448,130.371,
219,414,167.994,474,158.208,606,130.285,599,129.243,603,125.299,
220,414,175.502,474,157.706,599,134.832,448,127.485,380,126.094,
221,414,178.197,474,152.338,380,142.39,599,138.569,448,137.644,
222,414,176.792,474,160.472,599,135.208,380,130.093,448,126.592,
223,414,180.018,474,158.203,599,135.73,380,130.009,448,129.445,
224,414,181.292,474,159.245,599,137.102,380,133.518,448,131.045,
225,414,180.922,474,160.059,599,136.704,380,131.856,448,130.77,
226,414,170.231,474,156.98,599,133.659,606,131.675,380,130.107,
227,414,179.467,474,161.008,599,137.406,380,132.582,448,130.799,
228,414,182.187,474,160.754,599,136.963,380,131.942,448,130.648,
229,414,180.991,474,159.499,599,136.795,380,132.216,448,130.498,
230,414,178.348,474,158.002,599,135.184,380,128.294,448,128.139,
231,414,181.505,474,159.929,599,136.463,380,131.321,448,129.757,
232,414,168.854,474,166.666,599,145.563,603,143.314,606,143.115,
233,414,177.684,474,158.902,599,134.731,380,130.146,448,128.786,
234,414,179.278,474,161.012,599,136.257,448,130.295,380,130.269,
235,414,180.861,474,158.767,599,136.752,380,132.004,448,130.41,
236,414,182.296,474,160.789,599,137.426,380,133.09,448,130.82,
237,414,181.267,474,159.795,599,137.009,380,132.112,448,130.387,
238,414,182.364,474,161.143,599,138.517,380,133.312,448,130.988,
239,414,171.333,474,155.853,599,131.819,448,126.959,380,125.673,
240,414,181.749,474,162.456,599,137.077,448,132.532,380,132.352,
241,414,181.261,474,160.282,599,138.053,380,134.152,448,131.512,
242,414,181.672,474,159.912,599,136.792,380,132.098,448,130.272,
243,414,182.285,474,161.152,599,137.343,380,131.784,448,130.976,
244,414,180.166,474,159.693,599,136.029,380,131.712,448,130.724,
245,414,182.4,474,160.259,599,137.455,380,132.714,448,130.605,
246,414,179.767,474,162.309,599,138.421,448,133.387,380,133.191,
247,414,175.931,474,158.027,599,134.216,448,127.67,380,126.374,
248,414,182.021,474,161.316,599,137.615,448,130.879,380,130.079,
249,474,181.775,414,172.556,606,155.16,603,154.468,599,146.701,
250,414,182.035,474,160.044,599,138.092,380,133.15,448,131.513,
251,414,181.541,474,159.995,599,136.854,380,132.059,448,131.051,
252,414,182.191,474,161.808,599,138.298,380,132.026,448,130.968,
253,414,183.134,474,160.157,599,139.161,380,134.847,448,133.583,
254,414,177.48,474,156.739,599,135.434,448,130.34,380,130.172,
255,414,181.669,474,160.297,599,137.273,380,132.083,448,130.16,
256,414,179.933,474,164.574,599,139.019,448,131.896,380,131.089,
257,414,182.106,474,160.326,599,137.281,380,132.439,448,130.218,
258,414,181.752,474,160.577,599,137.237,380,131.894,448,131.376,
259,414,181.982,474,160.138,599,137.493,380,132.211,448,130.677,
260,414,178.557,474,157.212,599,137.012,380,135.771,448,134.267,
261,414,180.629,474,160.151,599,135.913,380,131.698,448,129.769,
262,414,181.851,474,159.79,599,137.546,380,133.435,448,131.426,
263,414,175.615,474,154.434,599,135.876,380,133.142,448,131.548,
264,414,180.815,474,158.774,599,136.886,380,130.919,448,130,
265,414,179.273,474,157.642,599,135.462,380,133.09,448,131.449,
266,414,176.484,474,158.171,599,133.023,380,129.881,448,128.724,
267,414,180.9,474,159.496,599,136.385,380,131.4,448,130.299,
268,414,180.842,474,159.33,599,136.657,380,133.974,448,130.605,
269,414,182.444,474,160.798,599,137.615,380,132.541,448,131.159,
270,414,181.986,474,160.131,599,137.401,380,132.673,448,131.102,
271,414,181.248,474,160.027,599,136.57,380,132.388,448,131.195,
272,414,181.571,474,160.775,599,137.028,380,131.222,448,130.587,
273,414,181.441,474,159.753,599,137.128,380,132.642,448,131.201,
274,474,171.512,414,166.67,606,151.566,603,148.106,89,141.369,
275,414,175.672,474,154.295,380,145.688,599,140.186,448,140.174,
276,414,182.304,474,160.904,599,137.448,380,131.522,448,130.911,
277,414,182.309,474,161.003,599,137.197,380,131.924,448,130.789,
278,414,182.111,474,160.503,599,137.345,380,133.059,448,131.103,
279,414,176.331,474,161.578,599,133.302,448,127.571,606,127.21,
280,414,178.639,474,162.004,599,139.577,380,135.832,448,133.171,
281,414,182.207,474,160.371,599,137.422,380,132.828,448,130.53,
282,414,173.537,474,155.801,599,133.233,380,131.118,448,125.979,
283,414,181.678,474,160.066,599,136.865,380,132.083,448,129.999,
284,414,181.239,474,160.773,599,136.198,380,131.647,448,130.556,
285,414,181.326,474,159.536,599,137.475,380,133.567,448,131.379,
286,414,179.067,474,157.614,599,135.138,380,130.492,448,130.256,
287,414,178.456,474,157.082,599,135.328,380,132.992,448,130.396,
288,414,163.05,474,151.126,249,138.812,105,138.47,318,137.533,
289,414,182.22,474,160.301,599,137.37,380,132.437,448,130.753,
290,414,179.702,474,154.058,380,140.535,448,138.111,599,138.062,
291,414,182.252,474,161.378,599,137.735,448,130.927,380,130.775,
292,414,174.914,474,162.611,599,136.937,606,132.67,603,125.945,
293,414,182.224,474,160.312,599,137.233,380,131.973,448,130.226,
294,414,175.612,474,159.509,380,133.263,599,132.932,606,130.491,
295,414,181.463,474,160.048,599,136.522,380,131.663,448,129.973,
296,414,181.88,474,160.319,599,137.576,380,132.323,448,131.459,
297,414,180.985,474,159.828,599,136.374,380,132.019,448,130.329,
298,414,166.063,474,161.347,606,130.953,599,130.592,603,127.751,
299,414,182.002,474,160.293,599,137.201,380,131.628,448,130.682,
300,414,181.411,474,160.237,599,136.782,380,132.722,448,130.788,
301,414,178.744,474,157.344,599,135.577,380,131.18,448,129.458,
302,414,181.551,474,159.803,599,136.828,380,131.871,448,130.598,
303,414,180.744,474,159.214,599,135.742,380,130.332,448,129.835,
304,414,176.654,474,156.866,599,135.074,380,132.322,448,132.169,
305,414,172.542,474,170.228,606,142.081,599,140.94,603,140.544,
306,414,183.659,474,163.462,599,140.345,380,134.152,448,131.754,
307,414,165.014,474,157.588,380,133.396,599,132.416,448,131.492,
308,414,180.001,474,158.945,599,136.688,448,130.043,380,129.655,
309,414,181.644,474,157.128,599,138.729,380,134.225,448,132.24,
310,414,181.219,474,159.596,599,137.519,380,133.16,448,130.938,
311,414,182.21,474,160.168,599,137.243,380,132.254,448,130.526,
312,414,177.022,474,157.452,599,134.175,448,132.995,380,130.576,
313,414,174.513,474,159.455,599,132.59,448,131.319,606,129.938,
314,414,179.73,474,158.474,599,135.218,380,131.727,448,130.854,
315,414,182.06,474,159.684,599,138.13,380,132.955,448,131.091,
316,414,181.237,474,159.875,599,136.631,380,132.278,448,130.251,
317,414,176.569,474,160.009,599,134.16,380,132.185,448,129.177,
318,414,180.959,474,176.107,599,150.35,380,148.663,448,148.401,
319,414,181.285,474,160.824,599,137.446,380,131.288,448,130.846,
320,414,182.458,474,161.162,599,137.504,380,132.606,448,130.842,
321,414,181.705,474,159.984,599,136.521,380,131.643,448,130.21,
322,414,178.86,474,157.089,599,134.646,380,131.598,448,128.925,
323,414,180.223,474,159.386,599,136.374,380,132.167,448,130.009,
324,414,182.309,474,160.424,599,137.481,380,132.853,448,130.728,
325,414,178.737,474,158.726,599,137.222,380,135.857,448,134.84,
326,414,180,474,161.599,599,139.801,380,136.855,448,133.951,
327,414,181.198,474,160.708,599,137.508,380,132.737,448,129.934,
328,414,173.53,474,155.389,599,132.228,448,125.813,380,124.112,
329,414,182.648,474,160.326,599,137.405,380,132.644,448,130.953,
330,414,173.248,474,154.508,599,130.925,448,126.791,380,126.786,
331,414,176.618,474,161.46,599,136.639,380,129.026,448,127.994,
332,414,174.456,474,156.355,599,132.238,448,129.55,380,128.715,
333,414,182.485,474,160.761,599,137.909,380,132.59,448,130.674,
334,414,177.375,474,157.115,599,135.179,448,129.275,380,128.665,
335,414,181.672,474,159.928,599,136.657,380,131.776,448,130.099,
336,414,180.817,474,159.396,599,136.581,380,131.989,448,130.655,
337,414,181.672,474,161.071,599,137.579,380,134.298,448,132.279,
338,414,181.912,474,159.998,599,137.449,380,132.103,448,130.734,
339,414,174.909,474,163.067,599,139.814,380,136.666,448,134.113,
340,414,181.821,474,159.966,599,136.77,380,131.773,448,130.218,
341,414,182.277,474,161.485,599,138.855,380,132.06,448,130.021,
342,414,181.859,474,160.854,599,137.543,380,133.342,448,130.816,
343,414,180.6,474,159.067,599,136.544,380,131.498,448,130.369,
344,414,180.553,474,160.192,599,136.307,448,130.207,380,129.811,
345,414,182.975,474,160.477,599,138.403,380,134.054,448,132.513,
346,414,180.985,474,157.875,599,137.737,380,136.374,448,134.608,
347,414,181.402,474,159.603,599,136.605,380,130.996,448,130.153,
348,414,181.03,474,159.201,599,137.089,380,133.162,448,130.653,
349,414,181.672,474,160.084,599,137.128,380,131.712,448,130.375,
350,414,181.705,474,160.331,599,136.755,380,131.955,448,130.168,
351,414,180.936,474,162.227,599,138.123,380,133.177,448,131.529,
352,414,177.532,474,164.046,599,136.762,448,131.96,380,130.777,
353,414,180.977,474,160.932,599,136.66,380,131.985,448,131.475,
354,414,174.127,474,155.992,599,131.962,448,127.42,380,127.108,
355,414,182.142,474,160.041,599,137.557,380,132.064,448,131.014,
356,414,172.208,474,157.208,380,136.103,599,135.009,448,131.485,
357,414,173.25,474,152.718,599,137.003,380,136.818,448,135.807,
358,414,181.82,474,161.339,599,138.091,380,133.536,448,132.269,
359,414,180.814,474,158.832,599,137.142,380,132.157,448,130.557,
360,414,182.419,474,160.689,599,137.674,380,133.244,448,131.281,
361,414,180.006,474,160.561,599,136.581,380,130.128,448,129.066,
362,414,179.755,474,158.999,599,135.557,448,130.903,380,130.575,
363,414,181.5,474,160.034,599,136.552,380,132.015,448,130.492,
364,414,182.222,474,160.443,599,137.241,380,132.235,448,130.444,
365,414,179.35,474,162.744,599,138.248,380,132.51,606,128.647,
366,414,181.255,474,160.249,599,136.614,380,131.051,448,129.671,
367,414,179.423,474,158.133,599,138.982,380,134.655,448,132.69,
368,414,173.778,474,158.821,599,132.544,380,131.567,448,130.026,
369,414,179.214,474,159.053,599,135.034,380,132.126,448,128.337,
370,414,178.215,474,157.173,599,134.326,380,129.678,448,128.966,
371,414,181.779,474,160.723,599,136.643,380,132.673,448,132.131,
372,414,176.38,474,156.448,599,133.188,380,132.401,448,132.113,
373,414,180.327,474,159.336,599,136.693,380,132.163,448,131.411,
374,414,182.024,474,159.744,599,136.642,380,131.065,448,130.533,
375,414,182.05,474,160.175,599,136.962,380,132.214,448,130.358,
376,414,177.82,474,157.898,599,134.225,380,128.477,448,127.668,
377,414,183.661,474,162.542,599,140.541,380,136.71,448,134.08,
378,414,180.575,474,160.067,599,136.89,380,130.736,448,129.452,
379,414,181.556,474,159.59,599,136.836,380,131.689,448,130.103,
380,474,180.318,414,174.516,606,162.069,603,158.243,89,150.886,
381,414,170.43,474,155.079,599,136.14,448,131.373,603,130.712,
382,414,180.658,474,164.184,599,139.837,448,133.374,380,131.027,
383,414,182.309,474,160.084,599,138.116,380,133.959,448,131.882,
384,414,181.044,474,159.531,599,136.909,380,132.522,448,130.114,
385,414,177.188,474,157.07,599,134.778,380,131.605,448,130.145,
386,414,180.809,474,159.703,599,135.834,380,130.908,448,129.73,
387,414,174.95,474,156.908,249,144.458,448,143.497,380,142.272,
388,414,183.021,474,161.203,599,138.651,380,132.887,448,131.18,
389,414,182.167,474,160.739,599,137.357,380,132.906,448,131.155,
390,414,181.194,474,159.682,599,138.293,380,134.175,448,133.369,
391,414,173.568,474,154.961,380,137.018,448,135.48,599,133.69,
392,414,182.035,474,160.328,599,137.303,380,132.337,448,130.222,
393,414,179.141,474,160.89,599,135.258,448,129.763,380,127.712,
394,414,181.975,474,160.069,599,137.215,380,131.788,448,130.314,
395,414,181.496,474,160.2,599,136.675,380,130.882,448,130.114,
396,414,181.649,474,159.812,599,137.339,380,131.655,448,130.569,
397,414,182.924,474,160.375,599,137.539,380,133.645,448,130.984,
398,414,181.71,474,160.288,599,137.555,380,132.802,448,132.044,
399,414,180.905,474,158.877,599,136.565,380,130.382,448,128.962,
400,414,180.425,474,159.537,599,135.742,380,130.298,448,129.359,
401,414,181.13,474,160.751,599,138.553,448,130.863,380,130.186,
402,414,181.793,474,160.328,599,136.872,380,131.792,448,130.686,
403,414,181.419,474,160.371,599,136.713,380,132.586,448,130.936,
404,414,181.019,474,159.38,599,137.113,380,132.537,448,130.804,
405,414,180.275,474,161.364,599,137.151,448,133.296,380,132.301,
406,414,182.611,474,160.921,599,138.04,380,133.002,448,131.23,
407,414,181.527,474,160.302,599,136.734,380,131.047,448,129.915,
408,414,180.543,474,163.481,599,137.996,380,130.428,606,130.405,
409,414,180.385,474,158.991,599,137.605,380,134.648,448,130.739,
410,414,181.314,474,158.874,599,140.096,380,139.964,448,135.236,
411,414,179.927,474,159.185,599,136.572,380,133.267,448,131.289,
412,414,180.44,474,157.598,599,137.848,380,134.473,448,131.224,
413,414,180.679,474,160.437,599,137.241,380,132.197,448,130.375,
414,89,193.179,105,184.089,377,183.661,306,183.659,90,183.431,
415,414,179.55,474,158.111,599,135.969,380,132.344,448,130.626,
416,414,181.269,474,159.461,599,136.645,380,132.649,448,130.958,
417,414,180.323,474,160.151,599,136.235,380,131.879,448,129.891,
418,414,179.808,474,159.758,599,137.085,380,131.637,448,130.683,
419,414,179.462,474,161.531,599,137.831,380,132.415,448,131.51,
420,414,179.705,474,158.594,599,136.603,448,131.258,380,131.158,
421,414,181.987,474,159.562,599,137.851,380,133.925,448,131.605,
422,414,181.493,474,159.543,599,137.528,380,133.24,448,131.342,
423,414,181.751,474,159.943,599,137.067,380,131.954,448,130.394,
424,414,179.557,474,159.939,599,135.658,380,132.735,448,130.433,
425,414,171.831,474,155.732,599,130.746,448,128.161,380,125.599,
426,414,180.346,474,158.964,599,137.781,448,131.302,380,131.267,
427,414,180.501,474,159.932,599,136.963,380,131.76,448,130.614,
428,414,174.566,474,157.154,599,131.114,448,126.968,380,126.028,
429,414,182.729,474,161.18,599,138.43,380,134.354,448,132.736,
430,414,180.535,474,158.997,599,136.825,380,132.045,448,130.709,
431,414,182.066,474,160.274,599,137.267,380,132.217,448,130.275,
432,414,176.773,474,160.354,599,136.832,448,132.192,380,131.573,
433,414,181.653,474,160.201,599,136.814,380,131.767,448,129.987,
434,414,172.687,474,155.902,599,130.184,448,126.622,380,125.986,
435,414,181.022,474,160.684,599,136.804,380,131.19,448,129.754,
436,414,181.375,474,160.094,599,136.675,380,132.337,448,131.045,
437,414,179.46,474,158.764,599,136.499,380,135.654,448,132.736,
438,414,169.198,474,161.429,606,136.646,599,135.648,448,133.596,
439,414,181.696,474,159.913,599,137.016,380,131.159,448,130.215,
440,414,181.962,474,159.879,599,136.959,380,133.027,448,131.446,
441,414,181.233,474,160.589,599,136.407,380,130.329,448,128.934,
442,414,182.394,474,160.425,599,137.471,380,132.555,448,130.673,
443,414,181.422,474,160.347,599,137.158,380,131.741,448,130.491,
444,414,181.595,474,160,599,136.722,380,131.848,448,130.804,
445,414,179.792,474,158.483,599,135.787,380,130.882,448,130.425,
446,414,180.23,474,158.732,599,136,380,131.545,448,130.368,
447,414,181.129,474,160.754,599,136.774,380,132.416,448,131.163,
448,474,174.662,414,169.937,606,159.24,603,154.718,105,150.192,
449,414,181.188,474,159.27,599,136.385,380,132.437,448,130.255,
450,414,181.314,474,160.053,599,137.091,380,132.853,448,131.703,
451,414,181.653,474,160.125,599,137.299,380,132.631,448,130.739,
452,414,176.695,474,160.26,599,134.788,606,129.993,448,129.821,
453,414,174.733,474,159.571,599,134.833,380,134.198,448,131.715,
454,414,181.702,474,159.985,599,137.096,380,133.254,448,131.894,
455,414,180.966,474,159.283,599,136.931,380,132.254,448,130.464,
456,414,182.353,474,161.127,599,137.739,380,133.086,448,131.589,
457,414,181.096,474,159.295,599,136.374,380,131.735,448,129.911,
458,414,181.366,474,159.534,599,137.317,380,132.887,448,130.976,
459,414,181.854,474,160.586,599,137.45,380,131.225,448,130.318,
460,414,179.961,474,159.622,599,137.161,448,131.307,380,131.115,
461,414,181.952,474,160.112,599,137.048,380,132.609,448,130.353,
462,414,179.965,474,159.118,380,140.67,599,140.323,448,137.547,
463,414,181.489,474,160.028,599,137.026,380,131.735,448,130.559,
464,414,178.63,474,159.272,599,135.423,380,130.183,448,130.153,
465,414,180.196,474,158.902,599,136.971,380,133.866,448,132.502,
466,414,179.39,474,161.977,599,137.637,448,129.822,380,129.428,
467,414,182.778,474,160.131,599,137.844,380,133.173,448,131.677,
468,414,181.793,474,160.109,599,136.938,380,132.015,448,130.552,
469,414,173.778,474,152.473,380,135.893,448,133.521,249,133.451,
470,414,180.651,474,159.091,599,136.209,380,131.404,448,130.153,
471,414,181.627,474,160.216,599,137.296,380,131.315,448,130.24,
472,414,181.858,474,160.505,599,137.415,380,132.415,448,130.436,
473,414,181.717,474,160.16,599,137.331,380,133.162,448,131.107,
474,249,181.775,380,180.318,414,176.861,105,176.329,318,176.107,
475,414,179.045,474,162.691,599,137.825,448,130.602,606,128.529,
476,414,181.182,474,159.251,599,136.898,380,132.371,448,130.823,
477,414,170.292,474,158.016,606,136.759,448,135.001,603,134.244,
478,414,181.968,474,160.144,599,137.277,380,132.08,448,130.383,
479,414,179.802,474,159.433,599,138.942,380,136.004,448,132.969,
480,414,160.269,474,149.665,380,131.404,448,131.359,599,131.223,
481,414,182.449,474,160.499,599,137.354,380,132.722,448,130.953,
482,414,180.088,474,159.451,599,136.874,380,131.406,448,129.703,
483,414,170.864,474,162.755,599,137.634,603,137.564,606,134.53,
484,414,178.072,474,161.927,599,138.712,380,136.253,606,133.036,
485,414,182.06,474,160.262,599,137.244,380,132.163,448,130.168,
486,414,180.958,474,160.524,599,136.121,380,131.008,448,130.758,
487,414,180.467,474,159.446,599,136.154,380,131.318,448,129.887,
488,414,180.158,474,156.365,599,138.311,380,133.049,448,132.054,
489,414,169.132,474,154.022,599,133.174,448,132.825,380,130.312,
490,414,179.835,474,159.756,599,136.827,380,132.045,448,130.293,
491,414,181.894,474,161.617,599,138.971,380,132.729,448,131.251,
492,414,182.956,474,163.303,599,138.759,380,135.617,448,134.32,
493,414,180.88,474,160.25,599,135.606,448,130.176,380,130.123,
494,414,181.477,474,159.822,599,136.415,380,130.851,448,129.987,
495,414,177.224,474,166.142,599,138.034,380,134.738,606,133.127,
496,414,182.046,474,160.331,599,137.392,380,132.195,448,130.21,
497,414,181.154,474,159.764,599,136.435,380,132.011,448,130.314,
498,414,181.573,474,159.931,599,137.047,380,132.023,448,130.483,
499,414,182.457,474,160.782,599,138.133,380,132.884,448,131.107,
500,414,179.966,474,159.559,599,136.415,380,132.004,448,129.98,
501,414,181.898,474,160.804,599,137.314,380,133.041,448,131.323,
502,414,181.8,474,159.945,599,137.25,380,132.552,448,130.362,
503,414,180.215,474,159.437,599,136.763,380,132.377,448,131.147,
504,414,179.919,474,157.654,599,137.792,380,134.109,448,131.59,
505,414,182.113,474,160.62,599,137.256,380,131.646,448,131.44,
506,414,181.855,474,161.428,599,138.221,380,133.709,448,131.865,
507,414,181.889,474,159.872,599,137.233,380,131.867,448,130.329,
508,414,182.222,474,160.077,599,137.331,380,132.175,448,130.303,
509,414,177.282,474,163.071,599,140.178,448,133.614,606,131.96,
510,414,179.696,474,157.975,599,135.686,380,132.12,448,129.393,
511,414,181.625,474,161.429,599,137.595,380,132.069,448,130.943,
512,414,181.101,474,159.593,599,136.55,380,131.556,448,130.268,
513,414,181.224,474,159.241,599,136.474,380,131.861,448,130.365,
514,414,175.144,474,158.061,599,135.019,380,131.675,606,130.751,
515,414,181.428,474,161.216,599,137.069,380,131.839,448,131.34,
516,414,181.87,474,159.856,599,137.288,380,132.59,448,130.498,
517,414,177.205,474,155.969,599,137.367,380,130.199,448,130.123,
518,414,181.975,474,160.312,599,137.474,380,132.41,448,130.343,
519,414,182.133,474,161.005,599,137.725,380,132.754,448,130.755,
520,414,177.358,474,158.152,599,135.645,448,130.039,380,129.192,
521,414,182.266,474,160.443,599,137.415,380,133.019,448,131.616,
522,414,175.906,474,161.03,599,133.968,380,129.796,606,128.95,
523,414,181.68,474,161.461,599,138.649,448,132.999,380,132.695,
524,414,178.653,474,158.553,599,134.414,380,130.169,448,129.22,
525,414,169.18,474,157.911,599,136.801,603,131.177,606,130.973,
526,414,181.483,474,160.607,599,137.526,380,134.235,448,131.203,
527,414,180.601,474,158.729,599,137.579,380,133.011,448,132.268,
528,414,180.377,474,160.611,599,136.43,380,131.753,448,129.748,
529,414,182.156,474,160.702,599,137.346,380,132.061,448,130.582,
530,414,181.925,474,159.772,599,137.139,380,132.673,448,129.926,
531,414,181.911,474,159.953,599,137.091,380,131.989,448,130.299,
532,414,180.662,474,159.333,599,135.949,380,131.89,448,130.793,
533,414,182.15,474,160.954,599,137.065,448,131.655,380,131.192,
534,414,179.924,474,171.848,599,142.859,606,142.156,603,138.272,
535,414,182.211,474,160.754,599,137.233,380,132.914,448,130.762,
536,414,182.101,474,160.284,599,137.477,380,133.109,448,131.098,
537,414,181.689,474,161.679,599,137.906,380,132.582,448,130.383,
538,414,182.119,474,160.484,599,138.086,380,132.623,448,131.554,
539,414,181.377,474,160.601,599,137.571,380,132.06,448,131.074,
540,414,181.486,474,159.704,599,136.525,380,130.981,448,129.872,
541,414,180.573,474,159.697,599,136.029,380,132.314,448,130.712,
542,414,178.687,474,158.552,599,135.806,380,129.83,448,129.821,
543,414,182.091,474,162.033,599,137.941,380,132.756,448,130.767,
544,414,182.797,474,160.91,599,138.21,380,133.086,448,131.589,
545,414,182.58,474,160.545,599,137.716,380,132.69,448,131.208,
546,414,182.999,474,161.521,599,138.018,380,133.469,448,132.188,
547,414,182.619,474,160.262,599,137.946,380,133.3,448,131.342,
548,414,182.276,474,160.853,599,137.564,380,132.558,448,130.654,
549,414,181.723,474,160.083,599,136.653,380,131.288,448,130.243,
550,414,181.76,474,161.637,599,136.938,380,131.459,448,129.962,
551,414,179.214,474,161.575,599,136.178,448,129.316,380,128.792,
552,414,176.908,474,156.87,599,134.387,380,130.806,448,127.779,
553,414,180.202,474,160.359,599,136.308,380,133.776,448,130.352,
554,414,180.922,474,158.531,599,137.652,380,133.507,448,132.747,
555,414,174.699,474,161.907,380,140.143,249,137.841,448,136.601,
556,414,182.45,474,160.867,599,138.187,380,131.758,448,131.375,
557,414,181.638,474,160.042,599,136.695,380,130.985,448,130.233,
558,414,181.609,474,160.988,599,138.203,380,133,448,132.113,
559,414,180.152,474,159.828,599,135.543,448,131.014,380,130.912,
560,414,171.555,474,162.077,599,135.519,448,131.192,380,130.271,
561,414,166.823,474,157.883,606,131.862,599,127.456,603,124.121,
562,414,177.741,474,159.296,599,136.646,448,135.794,380,134.925,
563,414,183.073,474,163.82,599,142.729,380,137.193,448,134.15,
564,414,182.607,474,164.927,599,141.074,380,137.33,606,130.912,
565,414,181.678,474,159.747,599,137.069,380,131.788,448,130.13,
566,414,180.357,474,159.33,599,136.404,380,132.65,448,131.296,
567,414,180.533,474,163.44,599,137.785,448,131.647,380,131.098,
568,414,182.068,474,160.468,599,137.575,380,133.116,448,131.515,
569,414,182.145,474,160.244,599,137.062,380,131.423,448,130.087,
570,414,175.019,474,154.576,599,132.272,380,127.455,448,127.336,
571,414,183.305,474,160.882,599,138.434,380,133.116,448,133.007,
572,414,178.781,474,156.128,599,137.495,380,136.367,448,132.128,
573,414,172.939,474,162.62,599,133.883,606,133.713,448,127.662,
574,414,182.082,474,160.144,599,137.069,380,131.822,448,130.46,
575,414,182.578,474,160.857,599,137.641,380,133.507,448,131.407,
576,414,182.268,474,160.635,599,137.432,380,132.516,448,130.638,
577,414,178.552,474,156.93,599,135.495,380,131.886,448,129.737,
578,414,183.099,474,161.563,599,138.521,380,133.972,448,131.798,
579,414,181.104,474,159.43,599,137.659,380,132.148,448,131.973,
580,414,170.226,474,155.015,599,132.31,448,131.201,380,126.266,
581,414,181.035,474,159.502,599,136.808,380,131.883,448,130.6,
582,414,180.851,474,161.973,599,136.915,380,130.552,448,129.748,
583,414,181.676,474,160.69,599,137.789,380,132.494,448,131.208,
584,414,181.672,474,160.403,599,137.219,380,132.488,448,131.726,
585,414,180.289,474,161.339,599,136.293,380,133.223,448,130.426,
586,414,181.186,474,164.935,599,140.129,606,132.799,448,131.787,
587,414,181.17,474,158.71,599,138.463,380,136.971,448,132.09,
588,414,180.961,474,159.853,599,136.286,380,131.894,448,130.018,
589,414,181.752,474,159.797,599,137.343,380,133.525,448,131.182,
590,414,164.937,474,148.529,599,130.315,606,130.071,448,127.862,
591,414,181.206,474,159.947,599,137.058,380,131.59,448,130.571,
592,414,180.786,474,160.605,599,135.912,380,131.168,448,130.762,
593,414,179.24,474,156.468,599,134.988,380,131.14,448,128.992,
594,414,182.702,474,164.147,599,140.754,448,136.982,380,136.667,
595,414,182.342,474,160.434,599,137.539,380,132.755,448,131.513,
596,414,174.841,474,162.334,599,136.225,606,131.751,448,130.884,
597,414,173.501,474,157.156,380,141.616,249,137.762,599,136.187,
598,414,182.637,474,160.89,599,138.101,380,132.865,448,131.386,
599,474,165.952,414,157.354,89,155.843,105,155.163,606,154.561,
600,414,170.276,474,151.762,380,136.232,599,133.706,448,133.615,
601,414,178.548,474,160.56,599,136.872,380,130.851,448,130.232,
602,414,179.387,474,159.487,599,135.937,380,132.808,448,131.327,
603,414,181.419,474,162.484,380,158.243,448,154.718,249,154.468,
604,414,181.76,474,161.233,599,137.488,380,132.996,448,132.54,
605,414,180.549,474,159.765,599,138.615,448,132.087,380,130.781,
606,414,182.423,380,162.069,448,159.24,474,158.491,249,155.16,
607,414,178.171,474,158.55,599,135.706,448,131.741,380,131.594,
608,414,162.931,474,158.149,606,135.581,448,130.413,603,130.168,
609,414,182.109,474,160.403,599,137.033,380,132.435,448,130.659,
